{
  "layer_scores": {
    "0": 0.592179945343704,
    "1": 0.6081564010931259,
    "2": 0.6119402985074628,
    "3": 0.6001681732184149,
    "4": 0.6224511246583981,
    "5": 0.6140424637376498,
    "6": 0.6146731133067058,
    "7": 0.6192978768131175,
    "8": 0.6148833298297246,
    "9": 0.5911288627286104,
    "10": 0.6539836031112045,
    "11": 0.6485179735127181,
    "12": 0.7073785999579567,
    "13": 0.8202648728190035,
    "14": 0.8545301660710533,
    "15": 0.8667227244061384,
    "16": 0.8627286104687828,
    "17": 0.8976245532898885,
    "18": 0.9253731343283581,
    "19": 0.9545932310279588,
    "20": 0.9592179945343703,
    "21": 0.9707799033003994,
    "22": 0.9760353163758673,
    "23": 0.9714105528694555,
    "24": 0.9800294303132226,
    "25": 0.9808702964052974,
    "26": 0.9800294303132226,
    "27": 0.9785579146520917,
    "28": 0.9747740172377549,
    "29": 0.9777170485600167,
    "30": 0.9766659659449233,
    "31": 0.9747740172377548,
    "32": 0.9728820685305865,
    "33": 0.9661551397939878,
    "34": 0.9398780744166491,
    "35": 0.9440824048770233,
    "36": 0.940718940508724,
    "37": 0.9415598066007987,
    "38": 0.9375656926634433,
    "39": 0.9194870716838344,
    "40": 0.892158923691402,
    "41": 0.8812276644944292
  },
  "best_layer": 25,
  "best_score": 0.9808702964052974
}